<?xml version="1.0"?>
<data grt_format="2.0">
  <value _ptr_="0000020721AE9710" type="list" content-type="object" content-struct-name="db.mgmt.ServerInstance">
    <value type="object" struct-name="db.mgmt.ServerInstance" id="{6A823250-8B8B-4EF7-B96A-F9D2264CA3A3}" struct-checksum="0x367436e2">
      <link type="object" struct-name="db.mgmt.Connection" key="connection">{3D78E788-5773-4307-A2F5-4A300DCC3CB3}</link>
      <value _ptr_="0000020722F50DA0" type="dict" key="loginInfo">
        <value type="string" key="wmi.hostName"></value>
        <value type="string" key="wmi.userName"></value>
      </value>
      <value _ptr_="0000020722F50E60" type="dict" key="serverInfo">
        <value type="string" key="basedir">C:/xampp/mysql</value>
        <value type="string" key="datadir">C:\xampp\mysql\data\</value>
        <value type="string" key="detected_os_name">Windows Server 2019 Standard</value>
        <value type="string" key="detected_os_type">windows</value>
        <value type="string" key="detected_os_variant">Windows</value>
        <value type="string" key="detected_os_version">Microsoft Windows [Version 10.0.17763.1823]</value>
        <value type="string" key="errorLogFilePath">SRV4200022828.err</value>
        <value type="string" key="generalLogFilePath">srv4200022828.log</value>
        <value type="string" key="serverVersion">10.4.32-MariaDB</value>
        <value type="int" key="setupPending">0</value>
        <value type="int" key="slowLogEnabled">0</value>
        <value type="string" key="slowLogFilePath">srv4200022828-slow.log</value>
        <value type="string" key="sys.config.path">C:\ProgramData\MySQL\MySQL Server 8.0\my.ini</value>
        <value type="int" key="sys.config.path.lock">1</value>
        <value type="string" key="sys.config.section">mysqld</value>
        <value type="string" key="sys.mysqld.service_name">MySQL80</value>
        <value type="string" key="sys.preset">Custom</value>
        <value type="string" key="sys.sudo"></value>
        <value type="string" key="sys.system">Windows</value>
        <value type="int" key="sys.usesudo">0</value>
        <value type="int" key="sys.usesudostatus">0</value>
        <value type="int" key="windowsAdmin">1</value>
      </value>
      <value type="string" key="name">Local MySQL80</value>
    </value>
    <value type="object" struct-name="db.mgmt.ServerInstance" id="{D2A5CB1F-927F-4B4C-A7EA-CA55633199FE}" struct-checksum="0x367436e2">
      <link type="object" struct-name="db.mgmt.Connection" key="connection">{DDA909FA-92A1-4117-9803-76555CEE512E}</link>
      <value _ptr_="0000020722F50FE0" type="dict" key="loginInfo">
        <value type="string" key="ssh.hostName"></value>
        <value type="string" key="ssh.key">C:\Users\Administrator\AppData\Roaming/.ssh/ssh_private_key</value>
        <value type="string" key="ssh.localPort">3306</value>
        <value type="int" key="ssh.useKey">0</value>
        <value type="string" key="ssh.userName">mysql</value>
      </value>
      <value _ptr_="0000020722F51580" type="dict" key="serverInfo">
        <value type="int" key="setupPending">1</value>
        <value type="int" key="windowsAdmin">1</value>
      </value>
      <value type="string" key="name">zombie</value>
    </value>
  </value>
</data>
